[
{
    "model": "impart.dated",
    "pk": 1,
    "fields": {
        "creation_date": "2017-01-16T10:04:10Z",
        "publication_date": "2017-01-16T10:04:11Z",
        "archive_date": "2017-01-16T10:04:13Z"
    }
},
{
    "model": "impart.dated",
    "pk": 2,
    "fields": {
        "creation_date": "2017-01-16T10:05:05Z",
        "publication_date": "2017-01-16T10:05:06Z",
        "archive_date": "2017-01-16T10:05:07Z"
    }
},
{
    "model": "impart.dated",
    "pk": 3,
    "fields": {
        "creation_date": "2017-01-16T10:06:48Z",
        "publication_date": "2017-01-16T10:06:50Z",
        "archive_date": "2017-01-16T10:06:52Z"
    }
},
{
    "model": "impart.news",
    "pk": 1,
    "fields": {
        "location": "Antwerp",
        "header": "Something exciting happened in Antwerp!",
        "body_english": "###Hello there!###\r\n\r\nThis is a markdown news event! \r\n*There* **are**  several markdowns.\r\n\r\n![](/media/markdownx/2759467a-ca5a-42c5-a8cc-8fd5d0c5da02.jpg)\r\n\r\nWe zijn nu in Antwerpen.\r\nEn wachten op Annik.",
        "body_dutch": "Er gebeurde helemaal niets in Antwerpen!!\r\n\r\n[Hallo!](/media/markdownx/69db6f6b-b468-4d1c-98e6-29213c1a63b7.jpg)",
        "active": true,
        "archived": false
    }
},
{
    "model": "impart.news",
    "pk": 2,
    "fields": {
        "location": "Manchester Township, New Jersey",
        "header": "The Hindenburg disaster",
        "body_english": "The Hindenburg zeppelin crashed.  The humanity!",
        "body_dutch": "De Hindenbug zeppelin ging neer.  De menselijkheid!",
        "active": true,
        "archived": false
    }
},
{
    "model": "impart.manifest",
    "pk": 3,
    "fields": {
        "header": "The first manifesto",
        "body_english": "#Hello#\r\nThis is a try to create a Manifest!\r\n\r\n**The first manifesto**\r\nHello there!",
        "body_dutch": "Het eerste manifest",
        "active": true,
        "archived": false
    }
},
{
    "model": "impart.landprice",
    "pk": 1,
    "fields": {
        "type": "I",
        "header": "Photo",
        "body_english": "A photgraphical image",
        "body_dutch": "Een foto",
        "order": 2,
        "active": true
    }
},
{
    "model": "impart.landprice",
    "pk": 2,
    "fields": {
        "type": "D",
        "header": "Drawing",
        "body_english": "A drawing",
        "body_dutch": "Een tekening",
        "order": 1,
        "active": true
    }
},
{
    "model": "impart.landprice",
    "pk": 3,
    "fields": {
        "type": "P",
        "header": "Painting",
        "body_english": "A painting.",
        "body_dutch": "Een schilderij.",
        "order": 0,
        "active": true
    }
},
{
    "model": "impart.landprice",
    "pk": 4,
    "fields": {
        "type": "S",
        "header": "Statue",
        "body_english": "A statue.",
        "body_dutch": "Een beeld.",
        "order": 3,
        "active": true
    }
},
{
    "model": "impart.landprice",
    "pk": 5,
    "fields": {
        "type": "M",
        "header": "Media",
        "body_english": "Some multmedia content.",
        "body_dutch": "Multimedia.",
        "order": 4,
        "active": true
    }
},
{
    "model": "impart.content",
    "pk": 1,
    "fields": {
        "section": "HO",
        "language": "NL",
        "key": "intro",
        "order": 0,
        "identifier": "",
        "value": "Ten noorden van Antwerpen bevindt zich de Kalmthoutse Heide. Het is een oase van rust en onbezoedelde schoonheid waar in de loop der jaren talloze kunstenaars neerstreken. In de nabijheid van dit eeuwenoude natuurpark cre\u00eberden\u00a0Annik\u00a0Rachel Klaes\u00a0en\u00a0Dirk Caluwaerts\u00a0hun eigen artsitiek reservaat."
    }
},
{
    "model": "impart.content",
    "pk": 2,
    "fields": {
        "section": "HO",
        "language": "NL",
        "key": "intro",
        "order": 1,
        "identifier": "",
        "value": "Klaes en Caluwaerts delen een niet te temperen verlangen naar menselijkheid. Caluwaerts rijgt de scheuren van zijn fundamentele onbehagen liefdevol dicht en verbeeldt voor zichzelf een minder benepen leefomgeving. Klaes wil in de eerste plaats uit de geestelijke beklemming breken om de samenleving meer ademruimte te geven."
    }
},
{
    "model": "impart.content",
    "pk": 3,
    "fields": {
        "section": "AA",
        "language": "NL",
        "key": "about",
        "order": 0,
        "identifier": "dirk-caluwaerts",
        "value": "Dirk Caluwaerts is een eigentijds romanticus. Op zoek naar een reservaat van schoonheid in een vergiftigde wereld doolt hij \u2019s nachts door desolate steden en onontgonnen innerlijke landschappen. Zijn doeken zijn ultieme toevluchtsoorden. Ze ademen eenzaamheid en melancholie, maar ook het onvergankelijke verlangen naar wat Michel Houellebeck \u2018 de mogelijkheid van een eiland\u2019 noemde. Naar \u2018de liefde, waarin alles eenvoudig is, waarin alles in het moment gegeven is."
    }
},
{
    "model": "impart.content",
    "pk": 4,
    "fields": {
        "section": "AA",
        "language": "NL",
        "key": "about",
        "order": 1,
        "identifier": "dirk-caluwaerts",
        "value": "Caluwaerts lijkt doordrongen van het besef dat er iets onherroepelijk stuk is. Woest maakt hij in de onderlagen van zijn doeken de pijn voelbaar die rest wanneer de natuur is verminkt en de ander ons of het leven zelf heeft verlaten. Ondanks de hardheid en beladenheid van zijn thema\u2019s overheerst echter zelden de somberheid. Zelfs in zijn zwarten gaat er een waaier aan kleuren schuil. De hoop die spreekt uit deze liefdevolle zoektocht naar kleur, treedt ook inhoudelijk op de voorgrond."
    }
},
{
    "model": "impart.content",
    "pk": 5,
    "fields": {
        "section": "AA",
        "language": "NL",
        "key": "about",
        "order": 2,
        "identifier": "dirk-caluwaerts",
        "value": "De motieven waarmee Caluwaerts als een japanse prentkunstenaar of een Nabisschilder rijkelijk zijn landschappen bevolkt en decoreert, zijn nooit anekdotisch. De zuivere maar kwetsbare schoonheid van vlinders, ontluikende bloemen en andere organische elementen verheft deze plekken- tot visuele expressies van een levensvisie waarin lelijkheid en schoonheid, pijn en geluk onlosmakelijk met elkaar verbonden zijn."
    }
},
{
    "model": "impart.content",
    "pk": 6,
    "fields": {
        "section": "AA",
        "language": "NL",
        "key": "about",
        "order": 3,
        "identifier": "dirk-caluwaerts",
        "value": "\u2018Blijf de aarde trouw\u2019, gaf Nietzsches profeet Zarathustra als raad aan de mens die zich ontheemd voelt. Laat dat precies zijn wat Caluwaerts in zijn schilderijen doet. Met dunne draadjes knoopt hij weer aan elkaar wat de maatschappij gebroken heeft. Ondanks de dwingende eenzaamheid van zijn onderneming blijft hij trachten het anorganische menselijk handelen teniet te doen en de natuurlijke samenhang te herstellen. Stenen muurtjes, ramen en glazen wanden, zelfs het kader van een schilderij blijkt enkel te dienen om binnen en buiten, mens en natuur met elkaar te verzoenen."
    }
},
{
    "model": "impart.content",
    "pk": 7,
    "fields": {
        "section": "AA",
        "language": "NL",
        "key": "about",
        "order": 5,
        "identifier": "dirk-caluwaerts",
        "value": "Hoe kapot zijn leefomgeving ook lijkt, Caluwaerts blijft zich inzetten voor wat hij een menselijke levenbehoefte acht: het vatten van schoonheid. Niet toevallig portretteert hij zichzelf als een volwassen man die sneeuwvlokken probeert te vangen met een vlindernet. Door de idylle in leven te houden, voedt Caluwaerts zijn droom van een eiland waarop hij als mens kan overleven."
    }
},
{
    "model": "impart.content",
    "pk": 8,
    "fields": {
        "section": "AA",
        "language": "EN",
        "key": "about",
        "order": 0,
        "identifier": "dirk-caluwaerts",
        "value": "This is the first English about paragraph."
    }
},
{
    "model": "impart.content",
    "pk": 9,
    "fields": {
        "section": "AA",
        "language": "EN",
        "key": "about",
        "order": 1,
        "identifier": "dirk-caluwaerts",
        "value": "One morning, when Gregor Samsa woke from troubled dreams, he found himself transformed in his bed into a horrible vermin. He lay on his armour-like back, and if he lifted his head a little he could see his brown belly, slightly domed and divided by arches into stiff sections. The bedding was hardly able to cover it and seemed ready to slide off any moment. His many legs, pitifully thin compared with the size of the rest of him, waved about helplessly as he looked. \"What's happened to me?\" he thought. It wasn't a dream. His room, a proper human room although a little too small, lay peacefully between its four familiar walls. A collection of textile samples lay spread out on the table - Samsa was a travelling salesman - and above it there hung a picture that he had recently cut out of an illustrated magazine and housed in a nice, gilded frame. It showed a lady fitted out with a fur hat and fur boa who sat upright, raising a heavy fur muff that covered the whole of her lower arm towards the viewer. Gregor then turned to look out the window at the dull weather. Drops"
    }
},
{
    "model": "impart.content",
    "pk": 10,
    "fields": {
        "section": "AA",
        "language": "EN",
        "key": "about",
        "order": 2,
        "identifier": "dirk-caluwaerts",
        "value": "A wonderful serenity has taken possession of my entire soul, like these sweet mornings of spring which I enjoy with my whole heart. I am alone, and feel the charm of existence in this spot, which was created for the bliss of souls like mine. I am so happy, my dear friend, so absorbed in the exquisite sense of mere tranquil existence, that I neglect my talents. I should be incapable of drawing a single stroke at the present moment; and yet I feel that I never was a greater artist than now. When, while the lovely valley teems with vapour around me, and the meridian sun strikes the upper surface of the impenetrable foliage of my trees, and but a few stray gleams steal into the inner sanctuary, I throw myself down among the tall grass by the trickling stream; and, as I lie close to the earth, a thousand unknown plants are noticed by me: when I hear the buzz of the little world among the stalks, and grow familiar with the countless indescribable forms of the insects and flies, then I feel the presence of the Almighty, who formed us in his own image, and the breath"
    }
},
{
    "model": "impart.content",
    "pk": 11,
    "fields": {
        "section": "AA",
        "language": "EN",
        "key": "about",
        "order": 3,
        "identifier": "dirk-caluwaerts",
        "value": "Far far away, behind the word mountains, far from the countries Vokalia and Consonantia, there live the blind texts. Separated they live in Bookmarksgrove right at the coast of the Semantics, a large language ocean. A small river named Duden flows by their place and supplies it with the necessary regelialia. It is a paradisematic country, in which roasted parts of sentences fly into your mouth. Even the all-powerful Pointing has no control about the blind texts it is an almost unorthographic life One day however a small line of blind text by the name of Lorem Ipsum decided to leave for the far World of Grammar. The Big Oxmox advised her not to do so, because there were thousands of bad Commas, wild Question Marks and devious Semikoli, but the Little Blind Text didn\u2019t listen. She packed her seven versalia, put her initial into the belt and made herself on the way. When she reached the first hills of the Italic Mountains, she had a last view back on the skyline of her hometown Bookmarksgrove, the headline of Alphabet Village and the subline of her own road, the Line Lane. Pityful a rethoric question ran over her cheek, then"
    }
},
{
    "model": "impart.tag",
    "pk": 1,
    "fields": {
        "tag": "Bloem"
    }
},
{
    "model": "impart.artist",
    "pk": 1,
    "fields": {
        "name": "Dirk Caluwaerts",
        "link": "dirk-caluwaerts",
        "image": "artists/dirk_fj5rhlb.png",
        "active": true
    }
},
{
    "model": "impart.artist",
    "pk": 2,
    "fields": {
        "name": "Annik Rachel Klaes",
        "link": "annik-rachel-klaes",
        "image": "artists/annik_gjBsm1t.png",
        "active": true
    }
},
{
    "model": "impart.art",
    "pk": 1,
    "fields": {
        "name": "Bloemetjes",
        "artist": 1,
        "image": "art/DSC01390_I4Smh1z.jpg",
        "land_price": 2,
        "x": 40,
        "y": 45,
        "z": null,
        "materials": "Paper, Black ink",
        "active": true,
        "in_private_collection": false,
        "tags": [
            1
        ]
    }
},
{
    "model": "impart.art",
    "pk": 2,
    "fields": {
        "name": "Something",
        "artist": 2,
        "image": "art/DSC01734_WDrxrFS.jpg",
        "land_price": 3,
        "x": 100,
        "y": 23,
        "z": null,
        "materials": "Paper",
        "active": true,
        "in_private_collection": false,
        "tags": []
    }
},
{
    "model": "impart.art",
    "pk": 3,
    "fields": {
        "name": "stuff",
        "artist": 1,
        "image": "art/DSC01732.jpg",
        "land_price": 3,
        "x": 10,
        "y": 12,
        "z": null,
        "materials": "Paper",
        "active": true,
        "in_private_collection": false,
        "tags": []
    }
},
{
    "model": "impart.contact",
    "pk": 1,
    "fields": {
        "artist": 1,
        "email": "dirk@somewhere.org",
        "first_name": "Dirk",
        "last_name": "Caluwaerts",
        "bank": "KBC",
        "vat": "be.0.xxx.yyy.xxx",
        "company": "company",
        "telephone": "telephone",
        "street": "street",
        "city": "city",
        "country": "Belgium"
    }
},
{
    "model": "impart.contact",
    "pk": 2,
    "fields": {
        "artist": 2,
        "email": "annik@somewhere.be",
        "first_name": "Annik Rachel",
        "last_name": "Klaes",
        "bank": "Bank",
        "vat": "",
        "company": "",
        "telephone": "",
        "street": "Street",
        "city": "",
        "country": ""
    }
},
{
    "model": "sitetree.tree",
    "pk": 1,
    "fields": {
        "title": "home",
        "alias": "home"
    }
},
{
    "model": "sitetree.tree",
    "pk": 2,
    "fields": {
        "title": "archive",
        "alias": "archive"
    }
},
{
    "model": "sitetree.tree",
    "pk": 3,
    "fields": {
        "title": "artist",
        "alias": "artist"
    }
},
{
    "model": "sitetree.treeitem",
    "pk": 1,
    "fields": {
        "title": "home",
        "hint": "",
        "url": "#home",
        "urlaspattern": false,
        "tree": 1,
        "hidden": false,
        "alias": null,
        "description": "",
        "inmenu": true,
        "inbreadcrumbs": true,
        "insitetree": true,
        "access_loggedin": false,
        "access_guest": false,
        "access_restricted": false,
        "access_perm_type": 1,
        "parent": null,
        "sort_order": 1,
        "access_permissions": []
    }
},
{
    "model": "sitetree.treeitem",
    "pk": 2,
    "fields": {
        "title": "news",
        "hint": "",
        "url": "#news",
        "urlaspattern": false,
        "tree": 1,
        "hidden": false,
        "alias": null,
        "description": "",
        "inmenu": true,
        "inbreadcrumbs": true,
        "insitetree": true,
        "access_loggedin": false,
        "access_guest": false,
        "access_restricted": false,
        "access_perm_type": 1,
        "parent": null,
        "sort_order": 2,
        "access_permissions": []
    }
},
{
    "model": "sitetree.treeitem",
    "pk": 3,
    "fields": {
        "title": "archive",
        "hint": "",
        "url": "archive",
        "urlaspattern": false,
        "tree": 1,
        "hidden": false,
        "alias": null,
        "description": "",
        "inmenu": true,
        "inbreadcrumbs": true,
        "insitetree": true,
        "access_loggedin": false,
        "access_guest": false,
        "access_restricted": false,
        "access_perm_type": 1,
        "parent": null,
        "sort_order": 3,
        "access_permissions": []
    }
},
{
    "model": "sitetree.treeitem",
    "pk": 4,
    "fields": {
        "title": "land price",
        "hint": "",
        "url": "#landprice",
        "urlaspattern": false,
        "tree": 1,
        "hidden": false,
        "alias": null,
        "description": "",
        "inmenu": true,
        "inbreadcrumbs": true,
        "insitetree": true,
        "access_loggedin": false,
        "access_guest": false,
        "access_restricted": false,
        "access_perm_type": 1,
        "parent": null,
        "sort_order": 5,
        "access_permissions": []
    }
},
{
    "model": "sitetree.treeitem",
    "pk": 7,
    "fields": {
        "title": "manifest",
        "hint": "",
        "url": "#manifest",
        "urlaspattern": false,
        "tree": 1,
        "hidden": false,
        "alias": null,
        "description": "",
        "inmenu": true,
        "inbreadcrumbs": true,
        "insitetree": true,
        "access_loggedin": false,
        "access_guest": false,
        "access_restricted": false,
        "access_perm_type": 1,
        "parent": null,
        "sort_order": 4,
        "access_permissions": []
    }
},
{
    "model": "sitetree.treeitem",
    "pk": 8,
    "fields": {
        "title": "about my art",
        "hint": "",
        "url": "#about",
        "urlaspattern": false,
        "tree": 3,
        "hidden": false,
        "alias": null,
        "description": "",
        "inmenu": true,
        "inbreadcrumbs": true,
        "insitetree": true,
        "access_loggedin": false,
        "access_guest": false,
        "access_restricted": false,
        "access_perm_type": 1,
        "parent": null,
        "sort_order": 9,
        "access_permissions": []
    }
},
{
    "model": "sitetree.treeitem",
    "pk": 9,
    "fields": {
        "title": "my art",
        "hint": "",
        "url": "#work",
        "urlaspattern": false,
        "tree": 3,
        "hidden": false,
        "alias": null,
        "description": "",
        "inmenu": true,
        "inbreadcrumbs": true,
        "insitetree": true,
        "access_loggedin": false,
        "access_guest": false,
        "access_restricted": false,
        "access_perm_type": 1,
        "parent": null,
        "sort_order": 10,
        "access_permissions": []
    }
},
{
    "model": "sitetree.treeitem",
    "pk": 10,
    "fields": {
        "title": "contact",
        "hint": "",
        "url": "#contact",
        "urlaspattern": false,
        "tree": 3,
        "hidden": false,
        "alias": null,
        "description": "",
        "inmenu": true,
        "inbreadcrumbs": true,
        "insitetree": true,
        "access_loggedin": false,
        "access_guest": false,
        "access_restricted": false,
        "access_perm_type": 1,
        "parent": null,
        "sort_order": 11,
        "access_permissions": []
    }
},
{
    "model": "sitetree.treeitem",
    "pk": 11,
    "fields": {
        "title": "home",
        "hint": "",
        "url": "/",
        "urlaspattern": false,
        "tree": 3,
        "hidden": false,
        "alias": null,
        "description": "",
        "inmenu": true,
        "inbreadcrumbs": true,
        "insitetree": true,
        "access_loggedin": false,
        "access_guest": false,
        "access_restricted": false,
        "access_perm_type": 1,
        "parent": null,
        "sort_order": 8,
        "access_permissions": []
    }
},
{
    "model": "sitetree.treeitem",
    "pk": 12,
    "fields": {
        "title": "home",
        "hint": "",
        "url": "/",
        "urlaspattern": false,
        "tree": 2,
        "hidden": false,
        "alias": null,
        "description": "",
        "inmenu": true,
        "inbreadcrumbs": true,
        "insitetree": true,
        "access_loggedin": false,
        "access_guest": false,
        "access_restricted": false,
        "access_perm_type": 1,
        "parent": null,
        "sort_order": 12,
        "access_permissions": []
    }
},
{
    "model": "sitetree.treeitem",
    "pk": 13,
    "fields": {
        "title": "news",
        "hint": "",
        "url": "news",
        "urlaspattern": false,
        "tree": 2,
        "hidden": false,
        "alias": null,
        "description": "",
        "inmenu": true,
        "inbreadcrumbs": true,
        "insitetree": true,
        "access_loggedin": false,
        "access_guest": false,
        "access_restricted": false,
        "access_perm_type": 1,
        "parent": null,
        "sort_order": 13,
        "access_permissions": []
    }
},
{
    "model": "sitetree.treeitem",
    "pk": 14,
    "fields": {
        "title": "manifest",
        "hint": "",
        "url": "manifest",
        "urlaspattern": false,
        "tree": 2,
        "hidden": false,
        "alias": null,
        "description": "",
        "inmenu": true,
        "inbreadcrumbs": true,
        "insitetree": true,
        "access_loggedin": false,
        "access_guest": false,
        "access_restricted": false,
        "access_perm_type": 1,
        "parent": null,
        "sort_order": 14,
        "access_permissions": []
    }
}
]
